item_id,stratum,trial_id,blocks_matched,blocks_total,score,margin
ITEM0001,calibration,NCT02714374,5,5,1.0,1.0
ITEM0002,calibration,NCT04503538,4,4,1.0,1.0
ITEM0003,calibration,NCT07743294,1,1,1.0,1.0
ITEM0004,calibration,NCT04863339,4,4,1.0,1.0
ITEM0005,calibration,NCT03999151,3,3,1.0,1.0
ITEM0006,calibration,NCT05584826,5,5,1.0,1.0
ITEM0007,calibration,NCT04664244,5,5,1.0,0.6
ITEM0009,calibration,NCT04233866,8,8,1.0,0.75
ITEM0010,calibration,NCT05680870,5,5,1.0,1.0
ITEM0011,calibration,NCT06878612,2,2,1.0,0.5
ITEM0012,calibration,NCT03255889,2,2,1.0,1.0
ITEM0014,calibration,NCT07669298,8,8,1.0,0.875
ITEM0015,calibration,NCT04657991,5,5,1.0,1.0
ITEM0016,calibration,NCT02997189,4,4,1.0,0.75
ITEM0017,calibration,NCT01873131,2,2,1.0,1.0
ITEM0018,calibration,NCT02283359,3,3,1.0,0.333
ITEM0019,calibration,NCT01790035,2,2,1.0,1.0
ITEM0020,calibration,NCT00639262,4,4,1.0,1.0
ITEM0021,calibration,NCT06895473,3,3,1.0,1.0
ITEM0022,calibration,NCT06693323,5,5,1.0,1.0
ITEM0023,calibration,NCT00085644,1,1,1.0,1.0
ITEM0024,calibration,NCT01683877,7,7,1.0,0.714
ITEM0025,calibration,NCT04241679,4,4,1.0,1.0
ITEM0026,calibration,NCT03067181,7,7,1.0,1.0
ITEM0027,calibration,NCT06773871,5,5,1.0,0.8
ITEM0028,calibration,NCT04186754,2,2,1.0,0.5
ITEM0029,calibration,NCT00849381,3,3,1.0,0.333
ITEM0030,calibration,NCT05336266,4,4,1.0,1.0
ITEM0031,calibration,NCT02647047,7,7,1.0,1.0
ITEM0032,calibration,NCT01696981,8,8,1.0,0.875
ITEM0033,calibration,NCT05303298,7,7,1.0,1.0
ITEM0035,calibration,NCT02989129,1,1,1.0,1.0
ITEM0036,calibration,NCT07657585,8,8,1.0,0.875
ITEM0037,calibration,NCT05028725,2,2,1.0,1.0
ITEM0038,calibration,NCT03556748,7,7,1.0,0.429
ITEM0039,calibration,NCT00001941,4,4,1.0,0.75
ITEM0040,calibration,NCT04322539,2,2,1.0,1.0
ITEM0041,calibration,NCT05583097,2,2,1.0,1.0
ITEM0042,calibration,NCT00423046,3,3,1.0,0.333
ITEM0043,calibration,NCT01773018,2,2,1.0,0.5
ITEM0044,calibration,NCT03420508,1,1,1.0,1.0
ITEM0045,calibration,NCT04297826,2,2,1.0,1.0
ITEM0046,calibration,NCT02580656,1,1,1.0,1.0
ITEM0047,calibration,NCT00529113,8,8,1.0,1.0
ITEM0048,calibration,NCT04997317,3,3,1.0,1.0
ITEM0049,calibration,NCT05839106,2,2,1.0,0.5
ITEM0051,calibration,NCT05756660,6,6,1.0,1.0
ITEM0052,calibration,NCT07670338,7,7,1.0,0.571
ITEM0053,calibration,NCT01170663,2,2,1.0,0.5
ITEM0055,calibration,NCT00630084,4,4,1.0,0.5
ITEM0056,calibration,NCT07219303,6,6,1.0,1.0
ITEM0057,calibration,NCT02646839,8,8,1.0,1.0
ITEM0058,calibration,NCT05281250,9,9,1.0,1.0
ITEM0059,calibration,NCT07580300,6,6,1.0,1.0
ITEM0060,calibration,NCT07766226,6,6,1.0,1.0
ITEM0061,calibration,NCT05229497,8,8,1.0,0.125
ITEM0062,calibration,NCT00152256,10,10,1.0,0.4
ITEM0063,calibration,NCT05687123,3,3,1.0,1.0
ITEM0064,calibration,NCT05366842,1,1,1.0,1.0
ITEM0066,calibration,NCT02253420,15,15,1.0,0.933
ITEM0067,calibration,NCT02296918,1,1,1.0,1.0
ITEM0068,calibration,NCT05926960,8,8,1.0,1.0
ITEM0069,calibration,NCT02311907,3,3,1.0,1.0
ITEM0071,calibration,NCT01660451,4,4,1.0,1.0
ITEM0072,calibration,NCT07231120,14,14,1.0,0.786
ITEM0073,calibration,NCT06321744,3,3,1.0,1.0
ITEM0074,calibration,NCT03881111,4,4,1.0,0.75
ITEM0075,calibration,NCT03310619,2,2,1.0,1.0
ITEM0076,calibration,NCT07216456,4,4,1.0,1.0
ITEM0078,calibration,NCT05011019,9,9,1.0,0.778
ITEM0079,calibration,NCT07409662,2,2,1.0,0.5
ITEM0081,calibration,NCT05003856,4,4,1.0,1.0
ITEM0082,calibration,NCT02309099,3,3,1.0,1.0
ITEM0083,calibration,NCT00424099,2,2,1.0,1.0
ITEM0085,calibration,NCT01520558,3,3,1.0,1.0
ITEM0086,calibration,NCT00879333,2,2,1.0,0.5
ITEM0087,calibration,NCT07726784,2,2,1.0,1.0
ITEM0088,calibration,NCT01531894,1,1,1.0,1.0
ITEM0089,calibration,NCT00315731,5,5,1.0,0.8
ITEM0090,calibration,NCT03826862,10,10,1.0,0.8
ITEM0091,calibration,NCT03446105,1,1,1.0,1.0
ITEM0092,calibration,NCT04455139,9,9,1.0,1.0
ITEM0093,calibration,NCT01507571,17,17,1.0,1.0
ITEM0094,calibration,NCT07550582,6,6,1.0,1.0
ITEM0095,calibration,NCT06699615,1,1,1.0,1.0
ITEM0096,calibration,NCT00225420,2,2,1.0,1.0
ITEM0097,calibration,NCT05771480,7,7,1.0,0.429
ITEM0098,calibration,NCT00860652,12,12,1.0,0.75
ITEM0099,calibration,NCT02763319,4,4,1.0,1.0
ITEM0101,calibration,NCT07420647,2,2,1.0,1.0
ITEM0102,calibration,NCT05967416,3,3,1.0,1.0
ITEM0103,calibration,NCT05998941,7,7,1.0,0.857
ITEM0104,calibration,NCT06412510,5,5,1.0,1.0
ITEM0105,calibration,NCT00462761,3,3,1.0,0.667
ITEM0106,calibration,NCT06174246,6,6,1.0,1.0
ITEM0107,calibration,NCT00720941,3,3,1.0,0.667
ITEM0108,calibration,NCT05961215,2,2,1.0,1.0
ITEM0109,calibration,NCT02745847,6,6,1.0,0.667
ITEM0110,calibration,NCT02640287,1,1,1.0,1.0
ITEM0111,calibration,NCT05492123,4,4,1.0,1.0
ITEM0112,calibration,NCT05583851,3,3,1.0,1.0
ITEM0113,calibration,NCT03223376,6,6,1.0,0.333
ITEM0114,calibration,NCT01649089,5,5,1.0,1.0
ITEM0116,calibration,NCT01103037,6,6,1.0,1.0
ITEM0117,calibration,NCT05915325,3,3,1.0,1.0
ITEM0118,calibration,NCT05644821,4,4,1.0,1.0
ITEM0119,calibration,NCT02670161,3,3,1.0,1.0
ITEM0120,calibration,NCT07730645,5,5,1.0,1.0
ITEM0122,calibration,NCT04978740,3,3,1.0,1.0
ITEM0123,calibration,NCT03918252,4,4,1.0,1.0
ITEM0124,calibration,NCT04874870,5,5,1.0,1.0
ITEM0125,calibration,NCT03343652,6,6,1.0,0.5
ITEM0126,calibration,NCT00969761,5,5,1.0,0.8
ITEM0127,calibration,NCT01854372,1,1,1.0,1.0
ITEM0128,calibration,NCT07024147,10,10,1.0,0.9
ITEM0129,calibration,NCT03774082,3,3,1.0,1.0
ITEM0130,calibration,NCT00989742,2,2,1.0,1.0
ITEM0131,calibration,NCT06957132,1,1,1.0,1.0
ITEM0132,calibration,NCT02889523,10,10,1.0,1.0
ITEM0133,calibration,NCT02058680,6,6,1.0,0.833
ITEM0134,calibration,NCT02660411,5,5,1.0,0.4
ITEM0135,calibration,NCT04150900,5,5,1.0,0.8
ITEM0136,calibration,NCT02335970,9,9,1.0,1.0
ITEM0137,calibration,NCT06919510,10,10,1.0,0.6
ITEM0138,calibration,NCT03710564,1,1,1.0,1.0
ITEM0139,calibration,NCT03233776,13,13,1.0,0.308
ITEM0140,calibration,NCT05541783,6,6,1.0,1.0
ITEM0141,calibration,NCT07112222,22,22,1.0,0.136
ITEM0142,calibration,NCT05624138,4,4,1.0,1.0
ITEM0143,calibration,NCT06208150,7,7,1.0,0.857
ITEM0145,calibration,NCT03478904,1,1,1.0,1.0
ITEM0146,calibration,NCT01209013,5,5,1.0,1.0
ITEM0147,calibration,NCT03709849,12,12,1.0,0.833
ITEM0148,calibration,NCT07225946,4,4,1.0,0.75
ITEM0149,calibration,NCT02093663,3,3,1.0,1.0
ITEM0150,calibration,NCT05233332,7,7,1.0,1.0
ITEM0151,calibration,NCT02909478,6,6,1.0,0.833
ITEM0152,calibration,NCT07338526,3,3,1.0,1.0
ITEM0153,calibration,NCT06624319,3,3,1.0,1.0
ITEM0154,calibration,NCT04037046,4,4,1.0,1.0
ITEM0156,calibration,NCT07189793,4,4,1.0,1.0
ITEM0157,calibration,NCT01843179,4,4,1.0,1.0
ITEM0158,calibration,NCT02755597,3,3,1.0,0.667
ITEM0159,calibration,NCT03622333,4,4,1.0,1.0
ITEM0161,calibration,NCT05799469,4,4,1.0,0.75
ITEM0162,calibration,NCT07628751,7,7,1.0,0.714
ITEM0163,calibration,NCT00795132,3,3,1.0,0.667
ITEM0164,calibration,NCT06007690,2,2,1.0,0.5
ITEM0165,calibration,NCT02487316,6,6,1.0,0.5
ITEM0166,calibration,NCT02659293,4,4,1.0,1.0
ITEM0167,calibration,NCT02416388,3,3,1.0,1.0
ITEM0168,calibration,NCT07216703,4,4,1.0,1.0
ITEM0169,calibration,NCT04085237,4,4,1.0,1.0
ITEM0170,calibration,NCT04293497,2,2,1.0,1.0
ITEM0171,calibration,NCT02382068,3,3,1.0,1.0
ITEM0172,calibration,NCT04303858,2,2,1.0,1.0
ITEM0173,calibration,NCT00726622,1,1,1.0,1.0
ITEM0174,calibration,NCT02546674,2,2,1.0,1.0
ITEM0175,calibration,NCT01957735,1,1,1.0,1.0
ITEM0176,calibration,NCT01789658,13,13,1.0,1.0
ITEM0177,calibration,NCT04506086,2,2,1.0,1.0
ITEM0178,calibration,NCT06691685,9,9,1.0,0.111
ITEM0179,calibration,NCT00005080,3,3,1.0,1.0
ITEM0180,calibration,NCT04815694,14,14,1.0,1.0
ITEM0182,calibration,NCT07276932,2,2,1.0,1.0
ITEM0183,calibration,NCT04970121,4,4,1.0,1.0
ITEM0184,calibration,NCT05602194,3,3,1.0,1.0
ITEM0185,calibration,NCT02612155,8,8,1.0,1.0
ITEM0186,calibration,NCT01416077,3,3,1.0,0.667
ITEM0187,calibration,NCT05156424,6,6,1.0,1.0
ITEM0188,calibration,NCT05800405,3,3,1.0,1.0
ITEM0189,calibration,NCT02120222,4,4,1.0,1.0
ITEM0190,calibration,NCT03307629,4,4,1.0,1.0
ITEM0191,calibration,NCT07524179,2,2,1.0,1.0
ITEM0192,calibration,NCT02595645,1,1,1.0,1.0
ITEM0193,calibration,NCT02546921,2,2,1.0,1.0
ITEM0194,calibration,NCT07479446,8,8,1.0,1.0
ITEM0195,calibration,NCT05460013,6,6,1.0,1.0
ITEM0196,calibration,NCT03722680,2,2,1.0,1.0
ITEM0197,calibration,NCT02280356,2,2,1.0,1.0
ITEM0198,calibration,NCT07682337,6,6,1.0,1.0
ITEM0199,calibration,NCT04732494,2,2,1.0,0.5
ITEM0200,calibration,NCT06150027,5,5,1.0,0.4
ITEM0201,calibration,NCT06359964,4,4,1.0,1.0
ITEM0203,calibration,NCT00965341,1,1,1.0,1.0
ITEM0204,calibration,NCT01595009,3,3,1.0,1.0
ITEM0205,calibration,NCT06086002,2,2,1.0,1.0
ITEM0206,calibration,NCT02759588,3,3,1.0,1.0
ITEM0207,calibration,NCT07733180,4,4,1.0,0.75
ITEM0208,calibration,NCT03041701,3,3,1.0,1.0
ITEM0209,calibration,NCT01075412,3,3,1.0,0.333
ITEM0210,calibration,NCT03092713,10,10,1.0,1.0
ITEM0211,calibration,NCT03597737,4,4,1.0,1.0
ITEM0212,calibration,NCT06028048,4,4,1.0,1.0
ITEM0213,calibration,NCT06699212,6,6,1.0,0.833
ITEM0214,calibration,NCT00122044,6,6,1.0,0.833
ITEM0215,calibration,NCT00220168,5,5,1.0,0.6
ITEM0216,calibration,NCT05708872,1,1,1.0,1.0
ITEM0217,calibration,NCT02792582,4,4,1.0,1.0
ITEM0219,calibration,NCT06686030,6,6,1.0,0.167
ITEM0221,calibration,NCT04061967,4,4,1.0,1.0
ITEM0222,calibration,NCT01952847,2,2,1.0,1.0
ITEM0223,calibration,NCT02807883,3,3,1.0,1.0
ITEM0224,calibration,NCT05283577,3,3,1.0,1.0
ITEM0225,calibration,NCT03234972,1,1,1.0,1.0
ITEM0226,calibration,NCT02125474,5,5,1.0,1.0
ITEM0227,calibration,NCT03958006,6,6,1.0,1.0
ITEM0228,calibration,NCT01660633,2,2,1.0,0.5
ITEM0229,calibration,NCT04461171,6,6,1.0,1.0
ITEM0230,calibration,NCT05646043,6,6,1.0,1.0
ITEM0231,calibration,NCT05866653,1,1,1.0,1.0
ITEM0232,calibration,NCT01266291,2,2,1.0,1.0
ITEM0233,calibration,NCT04253262,2,2,1.0,1.0
ITEM0234,calibration,NCT06869278,6,6,1.0,0.833
ITEM0236,calibration,NCT03851471,3,3,1.0,0.667
ITEM0237,calibration,NCT07567157,5,5,1.0,1.0
ITEM0238,calibration,NCT01641172,2,2,1.0,1.0
ITEM0239,calibration,NCT05088733,3,3,1.0,0.333
ITEM0240,calibration,NCT00124917,4,4,1.0,0.75
ITEM0241,calibration,NCT07580196,7,7,1.0,1.0
ITEM0242,calibration,NCT03079596,7,7,1.0,1.0
ITEM0243,calibration,NCT07680920,2,2,1.0,0.5
ITEM0244,calibration,NCT05346757,8,8,1.0,1.0
ITEM0246,calibration,NCT03288402,1,1,1.0,1.0
ITEM0247,calibration,NCT04428333,3,3,1.0,0.667
ITEM0249,calibration,NCT00969033,5,5,1.0,1.0
ITEM0250,calibration,NCT01586767,8,8,1.0,1.0
ITEM0251,calibration,NCT04162210,2,2,1.0,0.5
ITEM0252,calibration,NCT05364008,7,7,1.0,1.0
ITEM0253,calibration,NCT04196725,10,10,1.0,1.0
ITEM0254,calibration,NCT01349881,3,3,1.0,1.0
ITEM0255,calibration,NCT04863456,6,6,1.0,1.0
ITEM0256,calibration,NCT06183788,10,10,1.0,0.9
ITEM0257,calibration,NCT04859335,6,6,1.0,1.0
ITEM0258,calibration,NCT02974556,11,11,1.0,0.455
ITEM0259,calibration,NCT00471146,3,3,1.0,0.667
ITEM0260,calibration,NCT01018069,2,2,1.0,1.0
ITEM0261,calibration,NCT00245518,2,2,1.0,1.0
ITEM0262,calibration,NCT04340765,3,3,1.0,1.0
ITEM0263,calibration,NCT05561387,3,3,1.0,1.0
ITEM0264,calibration,NCT02192216,6,6,1.0,1.0
ITEM0265,calibration,NCT00991601,2,2,1.0,1.0
ITEM0266,calibration,NCT02510118,5,5,1.0,0.8
ITEM0267,calibration,NCT00439101,6,6,1.0,1.0
ITEM0268,calibration,NCT02581059,1,1,1.0,1.0
ITEM0269,calibration,NCT00272038,3,3,1.0,1.0
ITEM0270,calibration,NCT00824993,1,1,1.0,1.0
ITEM0271,calibration,NCT05946824,6,6,1.0,0.833
ITEM0273,calibration,NCT02634957,5,5,1.0,1.0
ITEM0274,calibration,NCT05325229,17,17,1.0,1.0
ITEM0275,calibration,NCT01773408,4,4,1.0,1.0
ITEM0276,calibration,NCT07617272,1,1,1.0,1.0
ITEM0277,calibration,NCT01197625,4,4,1.0,1.0
ITEM0279,calibration,NCT05496686,1,1,1.0,1.0
ITEM0280,calibration,NCT01377753,3,3,1.0,1.0
ITEM0282,calibration,NCT02966327,4,4,1.0,1.0
ITEM0283,calibration,NCT06367374,4,4,1.0,0.75
ITEM0284,calibration,NCT05136573,2,2,1.0,1.0
ITEM0286,calibration,NCT02689453,2,2,1.0,1.0
ITEM0287,calibration,NCT03299465,3,3,1.0,1.0
ITEM0288,calibration,NCT00790296,1,1,1.0,1.0
ITEM0289,calibration,NCT03525301,4,4,1.0,0.25
ITEM0290,calibration,NCT04029038,3,3,1.0,1.0
ITEM0291,calibration,NCT02544438,6,6,1.0,0.833
ITEM0292,calibration,NCT07733219,7,7,1.0,0.714
ITEM0293,calibration,NCT07597083,2,2,1.0,1.0
ITEM0294,calibration,NCT02739594,2,2,1.0,1.0
ITEM0295,calibration,NCT06670924,7,7,1.0,1.0
ITEM0296,calibration,NCT01978236,2,2,1.0,1.0
ITEM0297,calibration,NCT04013880,9,9,1.0,1.0
ITEM0298,calibration,NCT02379754,8,8,1.0,0.75
ITEM0299,calibration,NCT06729736,7,7,1.0,1.0
ITEM0300,calibration,NCT03652428,5,5,1.0,1.0
ITEM0301,calibration,NCT00293033,1,1,1.0,1.0
ITEM0302,calibration,NCT07224503,5,5,1.0,1.0
ITEM0303,calibration,NCT00028951,2,2,1.0,1.0
ITEM0305,calibration,NCT00901238,2,2,1.0,0.5
ITEM0306,calibration,NCT03985670,3,3,1.0,1.0
ITEM0307,calibration,NCT06421935,11,11,1.0,1.0
ITEM0308,calibration,NCT07362615,3,3,1.0,1.0
ITEM0309,calibration,NCT00184158,5,5,1.0,0.8
ITEM0311,calibration,NCT06204341,5,5,1.0,0.8
ITEM0312,calibration,NCT04554459,6,6,1.0,0.667
ITEM0313,calibration,NCT02333435,4,4,1.0,1.0
ITEM0314,calibration,NCT00573391,1,1,1.0,1.0
ITEM0315,calibration,NCT04665973,4,4,1.0,1.0
ITEM0316,calibration,NCT01889199,3,3,1.0,1.0
ITEM0317,calibration,NCT05132569,1,1,1.0,1.0
ITEM0319,calibration,NCT01484626,1,1,1.0,1.0
ITEM0320,calibration,NCT00911248,8,8,1.0,1.0
ITEM0322,calibration,NCT06024603,2,2,1.0,1.0
ITEM0323,calibration,NCT02832635,3,3,1.0,1.0
ITEM0324,calibration,NCT04109495,3,3,1.0,1.0
ITEM0325,calibration,NCT03522467,7,7,1.0,1.0
ITEM0326,calibration,NCT06289959,3,3,1.0,1.0
ITEM0327,calibration,NCT01262417,11,11,1.0,1.0
ITEM0328,calibration,NCT07029737,6,6,1.0,0.833
ITEM0329,calibration,NCT03191968,9,9,1.0,1.0
ITEM0330,calibration,NCT03544281,1,1,1.0,1.0
ITEM0331,calibration,NCT02528266,5,5,1.0,1.0
ITEM0333,calibration,NCT07374835,4,4,1.0,1.0
ITEM0334,calibration,NCT02609984,2,2,1.0,0.5
ITEM0335,calibration,NCT06596473,6,6,1.0,0.5
ITEM0336,calibration,NCT03498183,6,6,1.0,1.0
ITEM0337,calibration,NCT05052801,11,11,1.0,0.909
ITEM0338,calibration,NCT04107272,6,6,1.0,1.0
ITEM0339,calibration,NCT04138914,6,6,1.0,0.833
ITEM0340,calibration,NCT05391867,1,1,1.0,1.0
ITEM0341,calibration,NCT07326111,4,4,1.0,1.0
ITEM0342,calibration,NCT06199115,5,5,1.0,1.0
ITEM0343,calibration,NCT00238407,4,4,1.0,1.0
ITEM0344,calibration,NCT04359784,2,2,1.0,1.0
ITEM0345,calibration,NCT06071624,3,3,1.0,1.0
ITEM0347,calibration,NCT06463327,5,5,1.0,1.0
ITEM0348,calibration,NCT01284335,2,2,1.0,1.0
ITEM0349,calibration,NCT04669704,5,5,1.0,1.0
ITEM0351,calibration,NCT05129566,5,5,1.0,1.0
ITEM0352,calibration,NCT01345669,4,4,1.0,0.75
ITEM0353,calibration,NCT00350142,2,2,1.0,1.0
ITEM0354,calibration,NCT05592665,8,8,1.0,1.0
ITEM0355,calibration,NCT07378670,7,7,1.0,1.0
ITEM0356,calibration,NCT01695772,2,2,1.0,1.0
ITEM0357,calibration,NCT03742596,8,8,1.0,1.0
ITEM0358,calibration,NCT03366051,6,6,1.0,0.667
ITEM0359,calibration,NCT02838628,3,3,1.0,1.0
ITEM0360,calibration,NCT06102395,4,4,1.0,1.0
ITEM0361,calibration,NCT04243954,5,5,1.0,1.0
ITEM0362,calibration,NCT06050200,7,7,1.0,1.0
ITEM0363,calibration,NCT05979493,5,5,1.0,1.0
ITEM0364,calibration,NCT03436342,9,9,1.0,0.889
ITEM0366,calibration,NCT04983901,4,4,1.0,1.0
ITEM0368,calibration,NCT00734851,1,1,1.0,1.0
ITEM0369,calibration,NCT01100944,1,1,1.0,1.0
ITEM0370,calibration,NCT02815397,4,4,1.0,1.0
ITEM0371,calibration,NCT05002816,1,1,1.0,1.0
ITEM0372,calibration,NCT05818423,2,2,1.0,1.0
ITEM0373,calibration,NCT00806728,2,2,1.0,1.0
ITEM0374,calibration,NCT00956670,3,3,1.0,1.0
ITEM0376,calibration,NCT01515176,3,3,1.0,1.0
ITEM0377,calibration,NCT03598231,4,4,1.0,1.0
ITEM0379,calibration,NCT01641939,2,2,1.0,1.0
ITEM0380,calibration,NCT01199978,7,7,1.0,1.0
ITEM0381,calibration,NCT07262567,11,11,1.0,0.636
ITEM0382,calibration,NCT05101759,5,5,1.0,1.0
ITEM0383,calibration,NCT05026983,8,8,1.0,0.875
ITEM0384,calibration,NCT06818305,6,6,1.0,1.0
ITEM0385,calibration,NCT03373487,11,11,1.0,1.0
ITEM0386,calibration,NCT03711058,2,2,1.0,0.5
ITEM0387,calibration,NCT04077723,19,19,1.0,0.474
ITEM0388,calibration,NCT02759900,1,1,1.0,1.0
ITEM0389,calibration,NCT01855451,7,7,1.0,1.0
ITEM0390,calibration,NCT02893748,3,3,1.0,1.0
ITEM0391,calibration,NCT07662824,3,3,1.0,1.0
ITEM0392,calibration,NCT01399372,3,3,1.0,0.667
ITEM0393,calibration,NCT07346586,1,1,1.0,1.0
ITEM0394,calibration,NCT03559543,4,4,1.0,1.0
ITEM0395,calibration,NCT04225299,4,4,1.0,1.0
ITEM0398,calibration,NCT01697982,2,2,1.0,0.5
ITEM0399,calibration,NCT05546736,2,2,1.0,1.0
ITEM0400,calibration,NCT03374332,1,1,1.0,1.0
ITEM0401,calibration,NCT03813147,3,3,1.0,1.0
ITEM0402,calibration,NCT01332968,1,1,1.0,1.0
ITEM0403,calibration,NCT05934084,2,2,1.0,1.0
ITEM0404,calibration,NCT03286335,1,1,1.0,1.0
ITEM0405,calibration,NCT05597852,7,7,1.0,1.0
ITEM0406,calibration,NCT06413342,4,4,1.0,0.5
ITEM0407,calibration,NCT03255434,1,1,1.0,1.0
ITEM0408,calibration,NCT04109482,8,8,1.0,1.0
ITEM0410,calibration,NCT04829136,6,6,1.0,1.0
ITEM0411,calibration,NCT05067764,4,4,1.0,1.0
ITEM0412,calibration,NCT07112781,6,6,1.0,0.833
ITEM0413,calibration,NCT05864274,2,2,1.0,1.0
ITEM0414,calibration,NCT02407990,2,2,1.0,1.0
ITEM0415,calibration,NCT03987386,8,8,1.0,0.75
ITEM0416,calibration,NCT05923684,2,2,1.0,1.0
ITEM0417,calibration,NCT00545129,3,3,1.0,1.0
ITEM0419,calibration,NCT01912586,4,4,1.0,1.0
ITEM0420,calibration,NCT02099175,7,7,1.0,0.143
ITEM0421,calibration,NCT02591030,3,3,1.0,1.0
ITEM0422,calibration,NCT04150913,2,2,1.0,1.0
ITEM0423,calibration,NCT05289336,7,7,1.0,0.857
ITEM0424,calibration,NCT04849416,3,3,1.0,1.0
ITEM0425,calibration,NCT06819475,4,4,1.0,1.0
ITEM0426,calibration,NCT01999972,1,1,1.0,1.0
ITEM0427,calibration,NCT02116712,3,3,1.0,1.0
ITEM0428,calibration,NCT06891690,7,7,1.0,1.0
ITEM0429,calibration,NCT05651191,8,8,1.0,0.375
ITEM0430,calibration,NCT00219791,10,10,1.0,0.8
ITEM0431,calibration,NCT06073184,7,7,1.0,1.0
ITEM0432,calibration,NCT02441166,5,5,1.0,1.0
ITEM0433,calibration,NCT07369531,2,2,1.0,1.0
ITEM0434,calibration,NCT02961257,10,10,1.0,0.9
ITEM0435,calibration,NCT04561557,9,9,1.0,0.556
ITEM0436,calibration,NCT04675528,2,2,1.0,1.0
ITEM0437,calibration,NCT00071058,2,2,1.0,0.5
ITEM0438,calibration,NCT07646301,6,6,1.0,0.833
ITEM0440,calibration,NCT07277842,3,3,1.0,1.0
ITEM0441,calibration,NCT03521765,3,3,1.0,1.0
ITEM0442,calibration,NCT01526239,1,1,1.0,1.0
ITEM0444,calibration,NCT06324409,2,2,1.0,1.0
ITEM0445,calibration,NCT06534437,7,7,1.0,0.571
ITEM0446,calibration,NCT05136079,2,2,1.0,1.0
ITEM0447,calibration,NCT06724016,11,11,1.0,0.818
ITEM0448,calibration,NCT04328714,3,3,1.0,1.0
ITEM0449,calibration,NCT00539942,2,2,1.0,1.0
ITEM0450,calibration,NCT00836407,3,3,1.0,1.0
ITEM0451,calibration,NCT03716518,6,6,1.0,1.0
ITEM0452,calibration,NCT01653743,5,5,1.0,1.0
ITEM0454,calibration,NCT05092763,4,4,1.0,1.0
ITEM0455,calibration,NCT03237312,3,3,1.0,1.0
ITEM0456,calibration,NCT05694013,1,1,1.0,1.0
ITEM0457,calibration,NCT02129712,1,1,1.0,1.0
ITEM0458,calibration,NCT00225784,3,3,1.0,1.0
ITEM0459,calibration,NCT02815150,4,4,1.0,1.0
ITEM0460,calibration,NCT05679362,4,4,1.0,1.0
ITEM0461,calibration,NCT06139172,2,2,1.0,1.0
ITEM0462,calibration,NCT00003811,2,2,1.0,1.0
ITEM0463,calibration,NCT01374087,2,2,1.0,1.0
ITEM0464,calibration,NCT00588237,1,1,1.0,1.0
ITEM0465,calibration,NCT05726682,9,9,1.0,1.0
ITEM0466,calibration,NCT06086457,4,4,1.0,0.5
ITEM0467,calibration,NCT06710639,2,2,1.0,0.5
ITEM0468,calibration,NCT06289062,7,7,1.0,0.714
ITEM0469,calibration,NCT05314400,7,7,1.0,1.0
ITEM0470,calibration,NCT00866697,2,2,1.0,1.0
ITEM0471,calibration,NCT05237310,1,1,1.0,1.0
ITEM0472,calibration,NCT04843579,2,2,1.0,1.0
ITEM0473,calibration,NCT03404791,4,4,1.0,0.75
ITEM0474,calibration,NCT01035437,2,2,1.0,1.0
ITEM0475,calibration,NCT01444924,2,2,1.0,1.0
ITEM0476,calibration,NCT06594354,1,1,1.0,1.0
ITEM0477,calibration,NCT02872909,3,3,1.0,1.0
ITEM0478,calibration,NCT04179929,4,4,1.0,1.0
ITEM0479,calibration,NCT06545630,4,4,1.0,0.5
ITEM0480,calibration,NCT00949182,5,5,1.0,0.8
ITEM0481,calibration,NCT02655016,4,4,1.0,0.5
ITEM0484,calibration,NCT06623578,7,7,1.0,1.0
ITEM0485,calibration,NCT00742677,7,7,1.0,0.714
ITEM0486,calibration,NCT00737230,7,7,1.0,1.0
ITEM0487,calibration,NCT01574716,4,4,1.0,1.0
ITEM0488,calibration,NCT04186585,12,12,1.0,1.0
ITEM0489,calibration,NCT03630393,4,4,1.0,1.0
ITEM0490,calibration,NCT07612865,6,6,1.0,1.0
ITEM0491,calibration,NCT03785288,4,4,1.0,1.0
ITEM0492,calibration,NCT06510543,6,6,1.0,1.0
ITEM0493,calibration,NCT00053950,7,7,1.0,0.714
ITEM0494,calibration,NCT03294954,3,3,1.0,1.0
ITEM0495,calibration,NCT03798418,12,12,1.0,1.0
ITEM0496,calibration,NCT07340177,6,6,1.0,1.0
ITEM0497,calibration,NCT01490476,2,2,1.0,1.0
ITEM0498,calibration,NCT06511674,5,5,1.0,1.0
ITEM0499,calibration,NCT04963270,1,1,1.0,1.0
ITEM0501,calibration,NCT01471054,6,6,1.0,1.0
ITEM0502,calibration,NCT06014853,9,9,1.0,1.0
ITEM0504,calibration,NCT00603447,1,1,1.0,1.0
ITEM0505,calibration,NCT06204497,6,6,1.0,1.0
ITEM0506,calibration,NCT06863831,4,4,1.0,1.0
ITEM0507,calibration,NCT00111137,10,10,1.0,1.0
ITEM0508,calibration,NCT07129551,2,2,1.0,1.0
ITEM0509,calibration,NCT02681432,3,3,1.0,0.667
ITEM0510,calibration,NCT03416517,7,7,1.0,0.714
ITEM0511,calibration,NCT06450821,5,5,1.0,1.0
ITEM0512,calibration,NCT05031897,4,4,1.0,1.0
ITEM0513,calibration,NCT02658201,3,3,1.0,1.0
ITEM0514,calibration,NCT04416451,2,2,1.0,1.0
ITEM0515,calibration,NCT00320073,3,3,1.0,1.0
ITEM0516,calibration,NCT05662683,3,3,1.0,1.0
ITEM0517,calibration,NCT06856603,5,5,1.0,1.0
ITEM0518,calibration,NCT00503646,3,3,1.0,1.0
ITEM0520,calibration,NCT05111626,18,18,1.0,0.833
ITEM0521,calibration,NCT06443203,3,3,1.0,1.0
ITEM0522,calibration,NCT04227522,5,5,1.0,0.4
ITEM0523,calibration,NCT06150976,3,3,1.0,1.0
ITEM0524,calibration,NCT04570709,4,4,1.0,1.0
ITEM0525,calibration,NCT01965977,5,5,1.0,1.0
ITEM0526,calibration,NCT03531099,2,2,1.0,1.0
ITEM0527,calibration,NCT01698801,1,1,1.0,1.0
ITEM0528,calibration,NCT05193357,3,3,1.0,1.0
ITEM0529,calibration,NCT02684006,2,2,1.0,0.5
ITEM0530,calibration,NCT02309112,6,6,1.0,1.0
ITEM0531,calibration,NCT06323733,4,4,1.0,1.0
ITEM0532,calibration,NCT03607656,3,3,1.0,0.667
ITEM0534,calibration,NCT03159143,4,4,1.0,1.0
ITEM0535,calibration,NCT03432897,3,3,1.0,1.0
ITEM0536,calibration,NCT03990974,5,5,1.0,1.0
ITEM0537,calibration,NCT04196075,5,5,1.0,0.8
ITEM0538,calibration,NCT00280098,3,3,1.0,0.667
ITEM0539,calibration,NCT07745296,6,6,1.0,1.0
ITEM0540,calibration,NCT07457255,4,4,1.0,1.0
ITEM0541,calibration,NCT06262802,1,1,1.0,1.0
ITEM0542,calibration,NCT00887822,2,2,1.0,1.0
ITEM0543,calibration,NCT05113186,7,7,1.0,1.0
ITEM0544,calibration,NCT05595122,5,5,1.0,1.0
ITEM0545,calibration,NCT05402124,6,6,1.0,1.0
ITEM0546,calibration,NCT02595879,2,2,1.0,1.0
ITEM0547,calibration,NCT06485778,2,2,1.0,1.0
ITEM0548,calibration,NCT02316548,1,1,1.0,1.0
ITEM0549,calibration,NCT07676266,5,5,1.0,0.8
ITEM0550,calibration,NCT06678126,5,5,1.0,1.0
ITEM0551,calibration,NCT05839912,2,2,1.0,1.0
ITEM0552,calibration,NCT02029443,1,1,1.0,1.0
ITEM0553,calibration,NCT04250805,3,3,1.0,1.0
ITEM0555,calibration,NCT02948790,6,6,1.0,0.833
ITEM0556,calibration,NCT07776951,4,4,1.0,1.0
ITEM0557,calibration,NCT06242418,5,5,1.0,0.8
ITEM0558,calibration,NCT02181140,3,3,1.0,1.0
ITEM0559,calibration,NCT03733249,3,3,1.0,1.0
ITEM0560,calibration,NCT00369564,2,2,1.0,1.0
ITEM0561,calibration,NCT00215345,4,4,1.0,0.75
ITEM0562,calibration,NCT03516994,5,5,1.0,1.0
ITEM0563,calibration,NCT03040999,2,2,1.0,0.5
ITEM0564,calibration,NCT02485691,2,2,1.0,0.5
ITEM0566,calibration,NCT04870567,3,3,1.0,1.0
ITEM0567,calibration,NCT06426563,8,8,1.0,1.0
ITEM0568,calibration,NCT03853278,3,3,1.0,0.667
NEG0001,negverify,NCT05216029,1,1,1.0,1.0
NEG0002,negverify,NCT01496157,2,2,1.0,1.0
NEG0003,negverify,NCT00516945,4,4,1.0,1.0
NEG0004,negverify,NCT00084890,1,1,1.0,1.0
NEG0005,negverify,NCT05016869,6,6,1.0,0.167
NEG0006,negverify,NCT00818623,6,6,1.0,0.667
NEG0007,negverify,NCT03159897,6,6,1.0,0.667
NEG0008,negverify,NCT00002649,3,3,1.0,0.333
NEG0009,negverify,NCT02594215,4,4,1.0,1.0
NEG0010,negverify,NCT00766233,2,2,1.0,1.0
NEG0011,negverify,NCT00397982,1,1,1.0,1.0
NEG0012,negverify,NCT03709758,4,4,1.0,1.0
NEG0013,negverify,NCT00165568,3,3,1.0,1.0
NEG0014,negverify,NCT01787500,1,1,1.0,1.0
NEG0015,negverify,NCT00183833,4,4,1.0,0.75
NEG0016,negverify,NCT02394795,4,4,1.0,0.75
NEG0017,negverify,NCT01549951,1,1,1.0,1.0
NEG0019,negverify,NCT06263062,2,2,1.0,1.0
NEG0020,negverify,NCT01267344,2,2,1.0,0.5
NEG0021,negverify,NCT01294202,8,8,1.0,1.0
NEG0022,negverify,NCT01852734,2,2,1.0,1.0
NEG0023,negverify,NCT07618910,5,5,1.0,0.2
NEG0024,negverify,NCT00718250,2,2,1.0,1.0
NEG0025,negverify,NCT07393542,11,11,1.0,0.909
NEG0026,negverify,NCT05980221,4,4,1.0,1.0
NEG0027,negverify,NCT03237637,2,2,1.0,1.0
NEG0028,negverify,NCT00738361,3,3,1.0,0.667
NEG0030,negverify,NCT01220154,2,2,1.0,1.0
NEG0032,negverify,NCT07380633,5,5,1.0,1.0
NEG0033,negverify,NCT02767674,3,3,1.0,1.0
NEG0034,negverify,NCT03339700,2,2,1.0,1.0
NEG0035,negverify,NCT06852001,3,3,1.0,1.0
NEG0036,negverify,NCT06756308,1,1,1.0,1.0
NEG0037,negverify,NCT01134484,3,3,1.0,1.0
NEG0038,negverify,NCT03158974,5,5,1.0,0.8
NEG0040,negverify,NCT02569996,3,3,1.0,1.0
NEG0041,negverify,NCT03459469,2,2,1.0,1.0
NEG0042,negverify,NCT04271410,6,6,1.0,0.167
NEG0043,negverify,NCT07016360,1,1,1.0,1.0
NEG0044,negverify,NCT04090463,6,6,1.0,0.667
NEG0045,negverify,NCT04239157,6,6,1.0,0.833
NEG0046,negverify,NCT02419118,2,2,1.0,1.0
NEG0047,negverify,NCT04144387,3,3,1.0,1.0
NEG0048,negverify,NCT04969146,8,8,1.0,1.0
NEG0049,negverify,NCT03258047,5,5,1.0,0.4
NEG0050,negverify,NCT03145558,7,7,1.0,0.857
NEG0051,negverify,NCT02835391,4,4,1.0,1.0
NEG0053,negverify,NCT04489745,1,1,1.0,1.0
NEG0054,negverify,NCT04689347,4,4,1.0,0.75
NEG0055,negverify,NCT01821105,3,3,1.0,1.0
NEG0056,negverify,NCT01182779,4,4,1.0,0.5
NEG0057,negverify,NCT03125980,5,5,1.0,0.8
NEG0058,negverify,NCT04871347,10,10,1.0,0.8
NEG0059,negverify,NCT05749211,9,9,1.0,0.778
NEG0060,negverify,NCT07681596,11,11,1.0,0.636
NEG0061,negverify,NCT03305146,2,2,1.0,1.0
NEG0064,negverify,NCT05701345,3,3,1.0,1.0
NEG0065,negverify,NCT04939194,3,3,1.0,1.0
NEG0066,negverify,NCT01836588,1,1,1.0,1.0
NEG0067,negverify,NCT02978170,3,3,1.0,1.0
NEG0068,negverify,NCT03432936,2,2,1.0,1.0
NEG0069,negverify,NCT00140569,4,4,1.0,0.25
NEG0070,negverify,NCT02892721,9,9,1.0,1.0
NEG0071,negverify,NCT03172299,1,1,1.0,1.0
NEG0072,negverify,NCT02791360,4,4,1.0,1.0
NEG0073,negverify,NCT03727126,9,9,1.0,1.0
NEG0074,negverify,NCT05536674,1,1,1.0,1.0
NEG0076,negverify,NCT05115279,1,1,1.0,1.0
NEG0077,negverify,NCT00375830,1,1,1.0,1.0
NEG0078,negverify,NCT06519656,8,8,1.0,1.0
NEG0079,negverify,NCT02883166,1,1,1.0,1.0
NEG0080,negverify,NCT04717674,4,4,1.0,1.0
NEG0082,negverify,NCT02732327,1,1,1.0,1.0
NEG0083,negverify,NCT00003994,2,2,1.0,1.0
NEG0084,negverify,NCT02520245,4,4,1.0,1.0
NEG0085,negverify,NCT01340547,4,4,1.0,1.0
NEG0086,negverify,NCT00737438,1,1,1.0,1.0
NEG0087,negverify,NCT00116363,4,4,1.0,0.75
NEG0089,negverify,NCT07733557,1,1,1.0,1.0
NEG0090,negverify,NCT03026140,5,5,1.0,0.8
NEG0091,negverify,NCT02724306,12,12,1.0,0.667
NEG0092,negverify,NCT07262489,2,2,1.0,1.0
NEG0093,negverify,NCT01770171,5,5,1.0,1.0
NEG0094,negverify,NCT00081237,5,5,1.0,1.0
NEG0095,negverify,NCT00734188,2,2,1.0,1.0
NEG0097,negverify,NCT03932331,2,2,1.0,0.5
NEG0098,negverify,NCT00257322,2,2,1.0,1.0
NEG0100,negverify,NCT01507168,7,7,1.0,0.571
NEG0101,negverify,NCT01843413,4,4,1.0,1.0
NEG0103,negverify,NCT07255963,3,3,1.0,1.0
NEG0104,negverify,NCT03796130,3,3,1.0,1.0
NEG0105,negverify,NCT05303818,2,2,1.0,1.0
NEG0106,negverify,NCT00322114,1,1,1.0,1.0
NEG0107,negverify,NCT00871663,2,2,1.0,0.5
NEG0109,negverify,NCT05636618,5,5,1.0,1.0
NEG0110,negverify,NCT03887156,5,5,1.0,1.0
NEG0111,negverify,NCT05272826,2,2,1.0,1.0
NEG0113,negverify,NCT04582981,5,5,1.0,0.6
NEG0114,negverify,NCT06487702,5,5,1.0,1.0
NEG0115,negverify,NCT07474961,6,6,1.0,0.833
NEG0117,negverify,NCT01956019,4,4,1.0,1.0
NEG0118,negverify,NCT00461851,3,3,1.0,1.0
NEG0120,negverify,NCT01490047,4,4,1.0,1.0
NEG0121,negverify,NCT01298323,1,1,1.0,1.0
NEG0123,negverify,NCT04422249,4,4,1.0,1.0
NEG0124,negverify,NCT04462354,4,4,1.0,1.0
NEG0125,negverify,NCT01129700,3,3,1.0,1.0
NEG0126,negverify,NCT00227591,1,1,1.0,1.0
NEG0127,negverify,NCT02548910,6,6,1.0,1.0
NEG0128,negverify,NCT06018896,5,5,1.0,0.4
NEG0129,negverify,NCT05288595,8,8,1.0,1.0
NEG0130,negverify,NCT04108676,4,4,1.0,1.0
NEG0131,negverify,NCT04992741,1,1,1.0,1.0
NEG0132,negverify,NCT03571438,1,1,1.0,1.0
NEG0133,negverify,NCT03699319,5,5,1.0,1.0
NEG0134,negverify,NCT06642025,5,5,1.0,0.8
NEG0135,negverify,NCT02092298,2,2,1.0,1.0
NEG0136,negverify,NCT03980925,8,8,1.0,0.875
NEG0137,negverify,NCT00816491,3,3,1.0,1.0
NEG0138,negverify,NCT05315388,8,8,1.0,1.0
NEG0139,negverify,NCT02967094,4,4,1.0,0.5
NEG0140,negverify,NCT06394414,11,11,1.0,1.0
NEG0141,negverify,NCT03487016,9,9,1.0,0.667
NEG0142,negverify,NCT05679050,7,7,1.0,1.0
NEG0143,negverify,NCT06991491,1,1,1.0,1.0
NEG0144,negverify,NCT04581343,1,1,1.0,1.0
NEG0145,negverify,NCT01993199,1,1,1.0,1.0
NEG0146,negverify,NCT04041050,7,7,1.0,0.714
NEG0147,negverify,NCT03010579,3,3,1.0,1.0
NEG0148,negverify,NCT04391348,2,2,1.0,1.0
NEG0149,negverify,NCT03926039,2,2,1.0,1.0
NEG0150,negverify,NCT00003127,4,4,1.0,0.75
NEG0151,negverify,NCT05173961,4,4,1.0,1.0
NEG0153,negverify,NCT03201601,10,10,1.0,1.0
NEG0154,negverify,NCT00261677,2,2,1.0,1.0
NEG0155,negverify,NCT02437305,2,2,1.0,1.0
NEG0156,negverify,NCT02240771,2,2,1.0,1.0
NEG0157,negverify,NCT02020135,2,2,1.0,1.0
NEG0158,negverify,NCT00488709,6,6,1.0,1.0
NEG0160,negverify,NCT04889742,5,5,1.0,1.0
NEG0161,negverify,NCT03093623,1,1,1.0,1.0
NEG0162,negverify,NCT00532259,2,2,1.0,0.5
NEG0163,negverify,NCT02285816,3,3,1.0,1.0
NEG0164,negverify,NCT02310971,5,5,1.0,1.0
NEG0167,negverify,NCT07137637,3,3,1.0,1.0
NEG0169,negverify,NCT03455140,8,8,1.0,0.875
NEG0170,negverify,NCT02857166,16,16,1.0,0.438
NEG0171,negverify,NCT07359053,6,6,1.0,0.333
NEG0172,negverify,NCT00966693,6,6,1.0,1.0
NEG0174,negverify,NCT06352866,9,9,1.0,1.0
NEG0175,negverify,NCT00499369,4,4,1.0,0.75
NEG0176,negverify,NCT07231250,2,2,1.0,1.0
NEG0177,negverify,NCT05248425,7,7,1.0,1.0
NEG0178,negverify,NCT01183364,2,2,1.0,1.0
NEG0179,negverify,NCT05467137,2,2,1.0,1.0
NEG0180,negverify,NCT02177552,8,8,1.0,1.0
NEG0182,negverify,NCT03049553,7,7,1.0,1.0
NEG0183,negverify,NCT05361083,4,4,1.0,1.0
NEG0184,negverify,NCT00046904,5,5,1.0,0.6
NEG0185,negverify,NCT00389974,1,1,1.0,1.0
NEG0186,negverify,NCT07331883,6,6,1.0,1.0
NEG0187,negverify,NCT04060511,1,1,1.0,1.0
NEG0188,negverify,NCT02355379,3,3,1.0,0.667
NEG0189,negverify,NCT03633214,2,2,1.0,1.0
NEG0190,negverify,NCT01162031,4,4,1.0,1.0
NEG0191,negverify,NCT07479979,6,6,1.0,1.0
NEG0193,negverify,NCT01677845,1,1,1.0,1.0
NEG0194,negverify,NCT07381400,12,12,1.0,0.667
NEG0196,negverify,NCT02736552,5,5,1.0,0.4
NEG0197,negverify,NCT00265798,3,3,1.0,0.333
NEG0198,negverify,NCT07032532,8,8,1.0,0.375
NEG0199,negverify,NCT00041132,2,2,1.0,1.0
NEG0200,negverify,NCT03609710,2,2,1.0,0.5
NEG0201,negverify,NCT06122584,1,1,1.0,1.0
NEG0202,negverify,NCT00792948,4,4,1.0,1.0
NEG0203,negverify,NCT06178445,7,7,1.0,1.0
NEG0204,negverify,NCT06949800,4,4,1.0,1.0
NEG0205,negverify,NCT07124117,7,7,1.0,1.0
NEG0208,negverify,NCT04059224,6,6,1.0,1.0
NEG0209,negverify,NCT03455504,1,1,1.0,1.0
NEG0210,negverify,NCT01724320,3,3,1.0,1.0
NEG0211,negverify,NCT06735326,7,7,1.0,0.857
NEG0212,negverify,NCT02917772,2,2,1.0,1.0
NEG0213,negverify,NCT04126655,3,3,1.0,1.0
NEG0216,negverify,NCT05497531,3,3,1.0,1.0
NEG0217,negverify,NCT06153251,19,19,1.0,0.579
NEG0218,negverify,NCT00499486,3,3,1.0,1.0
NEG0219,negverify,NCT04774718,11,11,1.0,0.818
NEG0220,negverify,NCT07132645,5,5,1.0,1.0
NEG0221,negverify,NCT00606723,8,8,1.0,1.0
NEG0222,negverify,NCT07435454,5,5,1.0,0.8
NEG0223,negverify,NCT05549557,7,7,1.0,1.0
NEG0224,negverify,NCT03559439,3,3,1.0,1.0
NEG0225,negverify,NCT00848016,3,3,1.0,0.667
NEG0226,negverify,NCT02780167,3,3,1.0,1.0
NEG0227,negverify,NCT01188798,2,2,1.0,1.0
NEG0229,negverify,NCT01160484,7,7,1.0,0.571
NEG0230,negverify,NCT00006089,5,5,1.0,0.8
NEG0231,negverify,NCT03043664,2,2,1.0,0.5
NEG0232,negverify,NCT02112045,2,2,1.0,1.0
NEG0234,negverify,NCT01917890,5,5,1.0,1.0
NEG0235,negverify,NCT00627042,2,3,0.667,0.667
NEG0236,negverify,NCT01656226,8,8,1.0,1.0
NEG0238,negverify,NCT01846624,1,1,1.0,1.0
NEG0239,negverify,NCT06475989,4,4,1.0,1.0
NEG0241,negverify,NCT00397930,1,1,1.0,1.0
NEG0243,negverify,NCT02290522,1,1,1.0,1.0
NEG0244,negverify,NCT05708326,3,3,1.0,0.667
NEG0245,negverify,NCT03331562,3,3,1.0,1.0
NEG0246,negverify,NCT01803009,6,6,1.0,1.0
NEG0247,negverify,NCT03409432,4,4,1.0,0.5
NEG0248,negverify,NCT02004522,5,5,1.0,1.0
NEG0250,negverify,NCT00656084,4,4,1.0,0.75
NEG0251,negverify,NCT03582306,11,11,1.0,1.0
NEG0252,negverify,NCT06712901,3,3,1.0,1.0
NEG0253,negverify,NCT07108530,11,11,1.0,0.727
NEG0256,negverify,NCT05637034,5,5,1.0,0.8
NEG0257,negverify,NCT00101231,1,1,1.0,1.0
NEG0258,negverify,NCT03082833,1,1,1.0,1.0
NEG0259,negverify,NCT01998971,7,7,1.0,0.571
NEG0260,negverify,NCT05287165,6,6,1.0,0.167
NEG0261,negverify,NCT01032343,4,4,1.0,1.0
NEG0262,negverify,NCT06896981,17,17,1.0,0.941
NEG0263,negverify,NCT02927769,1,1,1.0,1.0
NEG0264,negverify,NCT02737332,7,7,1.0,1.0
NEG0265,negverify,NCT07070076,6,6,1.0,1.0
NEG0266,negverify,NCT04942756,1,1,1.0,1.0
NEG0268,negverify,NCT07018310,2,2,1.0,1.0
NEG0269,negverify,NCT07309900,7,7,1.0,0.714
NEG0270,negverify,NCT02931110,2,2,1.0,1.0
NEG0271,negverify,NCT03271281,4,4,1.0,1.0
NEG0272,negverify,NCT01928394,1,1,1.0,1.0
NEG0273,negverify,NCT01504360,1,1,1.0,1.0
NEG0274,negverify,NCT07587034,5,5,1.0,0.8
NEG0275,negverify,NCT03003728,3,3,1.0,1.0
NEG0276,negverify,NCT01162551,2,2,1.0,1.0
NEG0277,negverify,NCT04899921,3,3,1.0,1.0
NEG0278,negverify,NCT03252678,8,8,1.0,1.0
NEG0279,negverify,NCT03785743,8,8,1.0,0.875
NEG0280,negverify,NCT02099266,3,3,1.0,1.0
NEG0281,negverify,NCT05463432,5,5,1.0,0.6
NEG0282,negverify,NCT00523419,2,2,1.0,1.0
NEG0283,negverify,NCT03577392,3,3,1.0,1.0
NEG0284,negverify,NCT03114670,5,5,1.0,0.4
NEG0285,negverify,NCT03201471,4,4,1.0,0.25
NEG0286,negverify,NCT01182272,8,8,1.0,1.0
NEG0288,negverify,NCT04615845,4,4,1.0,0.25
NEG0289,negverify,NCT03520946,10,10,1.0,0.9
NEG0290,negverify,NCT06649682,8,8,1.0,1.0
NEG0291,negverify,NCT02884726,16,16,1.0,0.812
NEG0292,negverify,NCT01727921,3,3,1.0,1.0
NEG0293,negverify,NCT01328574,4,4,1.0,0.5
NEG0294,negverify,NCT02720926,3,3,1.0,1.0
NEG0295,negverify,NCT00003441,1,1,1.0,1.0
NEG0296,negverify,NCT04194359,4,4,1.0,0.25
NEG0297,negverify,NCT00166439,3,3,1.0,0.667
NEG0298,negverify,NCT00958724,4,4,1.0,0.75
NEG0299,negverify,NCT01050764,6,6,1.0,1.0
NEG0300,negverify,NCT00089401,6,6,1.0,0.333
NEG0301,negverify,NCT00977145,6,6,1.0,1.0
NEG0303,negverify,NCT06957431,3,3,1.0,1.0
NEG0304,negverify,NCT06618001,5,5,1.0,0.8
NEG0305,negverify,NCT06805669,1,1,1.0,1.0
NEG0306,negverify,NCT00215605,5,5,1.0,1.0
NEG0307,negverify,NCT03826589,7,7,1.0,0.857
NEG0308,negverify,NCT06709144,2,2,1.0,1.0
NEG0309,negverify,NCT03160794,4,4,1.0,1.0
NEG0310,negverify,NCT03289910,3,3,1.0,1.0
NEG0311,negverify,NCT03526432,5,5,1.0,0.8
NEG0312,negverify,NCT06835725,5,5,1.0,1.0
NEG0313,negverify,NCT05542030,3,3,1.0,1.0
NEG0314,negverify,NCT00319787,5,5,1.0,1.0
NEG0316,negverify,NCT05988918,5,5,1.0,1.0
NEG0317,negverify,NCT02302326,3,3,1.0,1.0
NEG0318,negverify,NCT06056830,6,6,1.0,1.0
NEG0320,negverify,NCT01302405,2,2,1.0,1.0
NEG0321,negverify,NCT01810120,5,5,1.0,1.0
NEG0323,negverify,NCT03931044,4,4,1.0,1.0
NEG0324,negverify,NCT07404527,4,4,1.0,1.0
NEG0325,negverify,NCT05229809,9,9,1.0,0.333
NEG0326,negverify,NCT05007132,3,3,1.0,0.667
NEG0327,negverify,NCT06377059,4,4,1.0,1.0
NEG0328,negverify,NCT00465023,3,3,1.0,1.0
NEG0329,negverify,NCT02267213,6,6,1.0,0.833
NEG0330,negverify,NCT00039104,5,5,1.0,0.6
NEG0331,negverify,NCT05804032,5,5,1.0,1.0
NEG0332,negverify,NCT05895864,4,4,1.0,1.0
NEG0333,negverify,NCT04098393,1,1,1.0,1.0
NEG0334,negverify,NCT04927013,5,5,1.0,1.0
NEG0335,negverify,NCT05112965,3,3,1.0,0.333
NEG0336,negverify,NCT06421220,1,1,1.0,1.0
NEG0337,negverify,NCT06410534,5,5,1.0,1.0
NEG0338,negverify,NCT02844829,2,2,1.0,1.0
NEG0340,negverify,NCT03820817,4,4,1.0,0.75
NEG0341,negverify,NCT07209878,3,3,1.0,1.0
NEG0343,negverify,NCT06384261,14,14,1.0,0.929
NEG0344,negverify,NCT05584800,15,15,1.0,1.0
NEG0345,negverify,NCT03296553,1,1,1.0,1.0
NEG0346,negverify,NCT00024206,4,4,1.0,1.0
NEG0347,negverify,NCT03154086,2,2,1.0,1.0
NEG0348,negverify,NCT03123055,2,2,1.0,1.0
NEG0349,negverify,NCT01118741,2,2,1.0,1.0
NEG0350,negverify,NCT02240212,4,4,1.0,1.0
NEG0351,negverify,NCT04943757,8,8,1.0,0.375
NEG0352,negverify,NCT05652673,10,10,1.0,1.0
NEG0353,negverify,NCT04537195,9,9,1.0,1.0
NEG0354,negverify,NCT07030517,3,3,1.0,0.667
NEG0355,negverify,NCT00996255,4,4,1.0,0.25
NEG0356,negverify,NCT04637698,5,5,1.0,1.0
NEG0358,negverify,NCT02026921,3,3,1.0,0.667
NEG0359,negverify,NCT02204085,4,4,1.0,0.75
NEG0360,negverify,NCT01690520,6,6,1.0,0.667
NEG0361,negverify,NCT00068484,6,6,1.0,0.833
NEG0362,negverify,NCT02108782,8,8,1.0,0.75
NEG0363,negverify,NCT02391545,7,7,1.0,0.714
NEG0364,negverify,NCT07733505,8,8,1.0,1.0
NEG0365,negverify,NCT05593328,9,9,1.0,0.778
NEG0366,negverify,NCT03719534,4,4,1.0,1.0
NEG0367,negverify,NCT00538876,1,1,1.0,1.0
NEG0368,negverify,NCT06101927,5,5,1.0,0.8
NEG0369,negverify,NCT07297329,6,6,1.0,0.333
NEG0371,negverify,NCT04723901,2,2,1.0,0.5
NEG0372,negverify,NCT06099119,1,1,1.0,1.0
NEG0373,negverify,NCT01101594,2,2,1.0,0.5
NEG0374,negverify,NCT03328962,1,1,1.0,1.0
NEG0375,negverify,NCT03237702,1,1,1.0,1.0
NEG0376,negverify,NCT06413953,9,9,1.0,0.889
NEG0377,negverify,NCT06855849,1,1,1.0,1.0
NEG0378,negverify,NCT04705038,7,7,1.0,1.0
NEG0379,negverify,NCT01747551,2,2,1.0,1.0
NEG0380,negverify,NCT01696084,6,6,1.0,0.833
NEG0382,negverify,NCT01647971,4,4,1.0,0.75
NEG0383,negverify,NCT02913131,3,3,1.0,0.667
NEG0384,negverify,NCT05691517,7,7,1.0,1.0
NEG0385,negverify,NCT03547700,5,5,1.0,1.0
NEG0386,negverify,NCT01206205,6,6,1.0,1.0
NEG0387,negverify,NCT01677897,6,6,1.0,0.5
NEG0388,negverify,NCT01716468,1,1,1.0,1.0
NEG0389,negverify,NCT04221204,4,4,1.0,1.0
NEG0390,negverify,NCT04163107,2,2,1.0,1.0
NEG0392,negverify,NCT05321784,1,1,1.0,1.0
NEG0395,negverify,NCT04219163,2,2,1.0,1.0
NEG0396,negverify,NCT05070403,4,4,1.0,1.0
NEG0397,negverify,NCT00233454,3,3,1.0,1.0
NEG0398,negverify,NCT03370016,4,4,1.0,0.25
NEG0399,negverify,NCT02429804,2,2,1.0,1.0
NEG0400,negverify,NCT00002604,1,1,1.0,1.0
NEG0401,negverify,NCT03937830,6,6,1.0,0.833
NEG0402,negverify,NCT07235293,7,7,1.0,1.0
NEG0403,negverify,NCT00691704,3,3,1.0,0.667
NEG0404,negverify,NCT06731933,1,1,1.0,1.0
NEG0405,negverify,NCT03399539,5,5,1.0,0.6
NEG0406,negverify,NCT02424045,5,5,1.0,0.6
NEG0407,negverify,NCT05521802,11,11,1.0,0.909
NEG0408,negverify,NCT00955058,2,2,1.0,1.0
NEG0409,negverify,NCT07363382,3,3,1.0,1.0
NEG0410,negverify,NCT01348997,3,3,1.0,0.333
NEG0411,negverify,NCT04423185,8,8,1.0,0.75
NEG0412,negverify,NCT04535414,2,2,1.0,1.0
NEG0413,negverify,NCT06686381,4,4,1.0,1.0
NEG0414,negverify,NCT05660421,9,9,1.0,1.0
NEG0415,negverify,NCT02404363,5,5,1.0,0.8
NEG0416,negverify,NCT02712476,7,7,1.0,1.0
NEG0417,negverify,NCT04020094,3,3,1.0,1.0
NEG0418,negverify,NCT03993249,5,5,1.0,1.0
NEG0419,negverify,NCT06888089,3,3,1.0,1.0
NEG0421,negverify,NCT01068769,2,2,1.0,0.5
NEG0422,negverify,NCT00152087,5,5,1.0,0.8
NEG0423,negverify,NCT02521376,4,4,1.0,0.5
NEG0424,negverify,NCT00678769,5,5,1.0,1.0
NEG0425,negverify,NCT02040142,2,2,1.0,1.0
NEG0426,negverify,NCT05524428,4,4,1.0,1.0
NEG0427,negverify,NCT05917990,3,3,1.0,1.0
NEG0428,negverify,NCT04481100,4,4,1.0,0.25
NEG0429,negverify,NCT00642239,2,2,1.0,0.5
NEG0430,negverify,NCT01611857,3,3,1.0,1.0
NEG0431,negverify,NCT05933070,6,6,1.0,1.0
NEG0432,negverify,NCT07112170,7,7,1.0,1.0
NEG0433,negverify,NCT04636788,3,3,1.0,1.0
NEG0434,negverify,NCT00744549,1,1,1.0,1.0
NEG0435,negverify,NCT03838692,3,3,1.0,0.667
NEG0437,negverify,NCT00090038,3,3,1.0,1.0
NEG0438,negverify,NCT02918162,4,4,1.0,1.0
NEG0439,negverify,NCT04335357,1,1,1.0,1.0
NEG0440,negverify,NCT00633269,4,4,1.0,1.0
NEG0441,negverify,NCT00651482,9,9,1.0,0.778
NEG0442,negverify,NCT03867682,9,9,1.0,0.333
NEG0443,negverify,NCT04976257,4,4,1.0,1.0
NEG0444,negverify,NCT04930653,8,8,1.0,0.625
NEG0445,negverify,NCT02960906,6,6,1.0,1.0
NEG0446,negverify,NCT07314619,5,5,1.0,0.2
NEG0447,negverify,NCT06672887,4,4,1.0,1.0
NEG0448,negverify,NCT00093782,7,7,1.0,0.857
NEG0449,negverify,NCT03739554,4,4,1.0,0.5
NEG0450,negverify,NCT05233397,3,3,1.0,0.333
SNE0001,enrichment,NCT05658640,9,9,1.0,0.111
SNE0002,enrichment,NCT04324814,11,11,1.0,0.909
SNE0003,enrichment,NCT03675529,13,13,1.0,0.769
SNE0004,enrichment,NCT06037317,9,9,1.0,0.778
SNE0006,enrichment,NCT01158404,5,5,1.0,0.8
SNE0008,enrichment,NCT00990054,8,10,0.8,0.7
SNE0009,enrichment,NCT01824524,8,8,1.0,0.875
SNE0012,enrichment,NCT00553696,9,11,0.818,0.455
SNE0013,enrichment,NCT00670488,4,4,1.0,0.75
SNE0014,enrichment,NCT07661797,10,10,1.0,1.0
SNE0015,enrichment,NCT01093092,4,4,1.0,1.0
SNE0018,enrichment,NCT06366425,7,7,1.0,1.0
SNE0019,enrichment,NCT04572152,7,7,1.0,0.286
SNE0020,enrichment,NCT01762033,6,6,1.0,1.0
SNE0022,enrichment,NCT02808650,7,7,1.0,1.0
SNE0023,enrichment,NCT05075603,5,5,1.0,1.0
SNE0024,enrichment,NCT02014558,6,7,0.857,0.714
SNE0026,enrichment,NCT05413421,10,10,1.0,0.5
SNE0028,enrichment,NCT07617584,10,10,1.0,1.0
SNE0029,enrichment,NCT01935856,3,3,1.0,1.0
SNE0030,enrichment,NCT06414460,10,10,1.0,1.0
SNE0031,enrichment,NCT01340976,7,7,1.0,1.0
SNE0033,enrichment,NCT06391775,6,7,0.857,0.714
SNE0034,enrichment,NCT00420056,4,4,1.0,1.0
SNE0035,enrichment,NCT06721689,7,7,1.0,1.0
SNE0036,enrichment,NCT03450109,3,3,1.0,1.0
SNE0037,enrichment,NCT02923531,6,7,0.857,0.571
SNE0039,enrichment,NCT03483194,12,12,1.0,1.0
SNE0040,enrichment,NCT02752516,5,7,0.714,0.286
SNE0041,enrichment,NCT03120676,1,1,1.0,1.0
SNE0043,enrichment,NCT06171269,5,5,1.0,1.0
SNE0044,enrichment,NCT03281018,6,7,0.857,0.857
SNE0045,enrichment,NCT02633059,4,5,0.8,0.4
SNE0048,enrichment,NCT02544776,3,3,1.0,1.0
SNE0049,enrichment,NCT04950777,2,2,1.0,1.0
SNE0050,enrichment,NCT04855253,8,8,1.0,0.875
SNE0051,enrichment,NCT06713057,6,6,1.0,0.167
SNE0052,enrichment,NCT05232357,2,2,1.0,1.0
SNE0053,enrichment,NCT07600112,2,3,0.667,0.667
SNE0054,enrichment,NCT03701529,1,1,1.0,1.0
SNE0055,enrichment,NCT06967038,5,5,1.0,1.0
SNE0056,enrichment,NCT07071571,1,1,1.0,1.0
SNE0057,enrichment,NCT04327934,10,10,1.0,1.0
SNE0058,enrichment,NCT06164392,1,1,1.0,1.0
SNE0060,enrichment,NCT02524756,7,7,1.0,0.857
SNE0061,enrichment,NCT00306033,2,2,1.0,1.0
SNE0063,enrichment,NCT01179893,10,10,1.0,1.0
SNE0064,enrichment,NCT04769713,5,6,0.833,0.833
SNE0065,enrichment,NCT03345303,3,3,1.0,0.667
SNE0066,enrichment,NCT01423214,6,6,1.0,0.833
SNE0067,enrichment,NCT07210983,4,4,1.0,1.0
SNE0068,enrichment,NCT04242927,4,4,1.0,1.0
SNE0069,enrichment,NCT01273714,2,2,1.0,1.0
SNE0070,enrichment,NCT00200187,11,12,0.917,0.917
SNE0072,enrichment,NCT07250178,10,10,1.0,1.0
SNE0073,enrichment,NCT00914069,5,5,1.0,1.0
SNE0074,enrichment,NCT01567462,4,4,1.0,1.0
SNE0075,enrichment,NCT05412680,10,11,0.909,0.909
SNE0076,enrichment,NCT04781244,4,4,1.0,1.0
SNE0077,enrichment,NCT04999696,5,5,1.0,1.0
SNE0079,enrichment,NCT05633134,5,5,1.0,1.0
SNE0080,enrichment,NCT07653906,4,4,1.0,1.0
SNE0081,enrichment,NCT07534631,3,3,1.0,1.0
SNE0082,enrichment,NCT00484705,1,1,1.0,1.0
SNE0083,enrichment,NCT05566405,8,8,1.0,1.0
SNE0084,enrichment,NCT07116811,6,10,0.6,0.6
SNE0085,enrichment,NCT06881173,2,2,1.0,1.0
SNE0086,enrichment,NCT05105945,12,13,0.923,0.692
SNE0088,enrichment,NCT02140476,2,2,1.0,1.0
SNE0089,enrichment,NCT05377554,2,2,1.0,1.0
SNE0095,enrichment,NCT07159620,6,6,1.0,1.0
SNE0096,enrichment,NCT04040699,6,6,1.0,0.333
SNE0097,enrichment,NCT06805370,1,1,1.0,1.0
SNE0098,enrichment,NCT00390325,10,10,1.0,1.0
SNE0099,enrichment,NCT06613581,2,2,1.0,1.0
SNE0100,enrichment,NCT06263088,4,4,1.0,1.0
SNE0101,enrichment,NCT02395471,5,6,0.833,0.833
SNE0102,enrichment,NCT06189183,6,6,1.0,1.0
SNE0103,enrichment,NCT04827992,5,5,1.0,1.0
SNE0104,enrichment,NCT01930630,2,2,1.0,1.0
SNE0106,enrichment,NCT01954173,5,7,0.714,0.714
SNE0108,enrichment,NCT02224456,4,4,1.0,1.0
SNE0109,enrichment,NCT02399306,7,7,1.0,0.429
SNE0110,enrichment,NCT04804696,7,7,1.0,0.571
SNE0111,enrichment,NCT07039162,10,10,1.0,0.7
SNE0112,enrichment,NCT00215514,1,1,1.0,1.0
SNE0113,enrichment,NCT02079155,13,13,1.0,1.0
SNE0114,enrichment,NCT05200325,4,4,1.0,1.0
SNE0115,enrichment,NCT01961778,2,2,1.0,1.0
SNE0116,enrichment,NCT01305200,11,12,0.917,0.917
SNE0117,enrichment,NCT02521285,4,4,1.0,1.0
SNE0118,enrichment,NCT04162093,4,6,0.667,0.667
SNE0119,enrichment,NCT02145871,3,3,1.0,1.0
SNE0120,enrichment,NCT05425472,6,7,0.857,0.714
SNE0121,enrichment,NCT00489268,4,4,1.0,1.0
SNE0122,enrichment,NCT04248582,1,1,1.0,1.0
SNE0123,enrichment,NCT03554356,11,12,0.917,0.917
SNE0124,enrichment,NCT02445014,1,1,1.0,1.0
SNE0125,enrichment,NCT00163748,2,2,1.0,1.0
SNE0126,enrichment,NCT02155140,3,3,1.0,1.0
SNE0127,enrichment,NCT05105945,12,13,0.923,0.692
SNE0128,enrichment,NCT02640781,4,4,1.0,1.0
SNE0129,enrichment,NCT03613142,3,3,1.0,0.667
SNE0130,enrichment,NCT01670409,4,4,1.0,1.0
SNE0131,enrichment,NCT01733147,3,3,1.0,1.0
SNE0132,enrichment,NCT00537030,4,4,1.0,1.0
SNE0134,enrichment,NCT01952210,2,2,1.0,1.0
SNE0135,enrichment,NCT03555266,8,8,1.0,1.0
SNE0136,enrichment,NCT06948474,2,2,1.0,1.0
SNE0137,enrichment,NCT03388047,5,5,1.0,1.0
SNE0138,enrichment,NCT02581384,6,6,1.0,1.0
SNE0139,enrichment,NCT02615210,3,4,0.75,0.75
SNE0140,enrichment,NCT02861690,4,4,1.0,0.75
SNE0141,enrichment,NCT07346404,5,5,1.0,1.0
SNE0142,enrichment,NCT01981850,4,4,1.0,1.0
SNE0143,enrichment,NCT00188136,2,3,0.667,0.667
SNE0144,enrichment,NCT02076672,2,2,1.0,1.0
SNE0145,enrichment,NCT02492217,3,3,1.0,1.0
SNE0146,enrichment,NCT05275426,1,1,1.0,1.0
SNE0147,enrichment,NCT05031975,6,6,1.0,0.667
SNE0148,enrichment,NCT04289792,6,6,1.0,0.333
SNE0149,enrichment,NCT07368218,10,10,1.0,1.0
SNE0150,enrichment,NCT03138070,4,4,1.0,1.0
SNE0151,enrichment,NCT04478292,4,4,1.0,0.75
SNE0152,enrichment,NCT06489236,3,3,1.0,1.0
SNE0153,enrichment,NCT03162536,4,4,1.0,1.0
SNE0154,enrichment,NCT01506492,10,10,1.0,0.9
SNE0155,enrichment,NCT04128306,2,2,1.0,1.0
SNE0156,enrichment,NCT01982058,4,4,1.0,1.0
SNE0157,enrichment,NCT04353973,9,9,1.0,1.0
SNE0158,enrichment,NCT03456726,4,4,1.0,1.0
SNE0159,enrichment,NCT01294579,4,5,0.8,0.8
SNE0160,enrichment,NCT01274143,7,7,1.0,1.0
SNE0161,enrichment,NCT02140476,2,2,1.0,1.0
SNE0162,enrichment,NCT07493018,4,4,1.0,1.0
SNE0163,enrichment,NCT00100815,4,5,0.8,0.8
SNE0164,enrichment,NCT00064077,4,5,0.8,0.4
SNE0165,enrichment,NCT06051747,15,15,1.0,0.933
SNE0166,enrichment,NCT06625970,6,6,1.0,0.833
SNE0167,enrichment,NCT00357760,3,5,0.6,0.4
SNE0168,enrichment,NCT05220033,5,5,1.0,1.0
SNE0169,enrichment,NCT04412629,3,4,0.75,0.75
SNE0170,enrichment,NCT03428477,9,9,1.0,1.0
SNE0171,enrichment,NCT00407758,5,5,1.0,0.4
SNE0172,enrichment,NCT07649421,4,5,0.8,0.6
SNE0173,enrichment,NCT05296096,7,7,1.0,1.0
SNE0174,enrichment,NCT02603432,4,4,1.0,0.5
SNE0175,enrichment,NCT06470243,6,6,1.0,1.0
SNE0176,enrichment,NCT02107443,4,4,1.0,1.0
SNE0177,enrichment,NCT07376980,1,1,1.0,1.0
SNE0180,enrichment,NCT03173560,4,4,1.0,0.5
SNE0181,enrichment,NCT00306891,8,8,1.0,1.0
SNE0183,enrichment,NCT02751580,5,5,1.0,1.0
SNE0184,enrichment,NCT06591650,4,4,1.0,0.25
SNE0185,enrichment,NCT02734771,6,6,1.0,1.0
SNE0186,enrichment,NCT00743509,2,2,1.0,1.0
SNE0187,enrichment,NCT03166683,8,8,1.0,1.0
SNE0188,enrichment,NCT00912912,1,1,1.0,1.0
SNE0189,enrichment,NCT07003139,6,6,1.0,0.667
SNE0190,enrichment,NCT01066663,4,4,1.0,0.75
SNE0191,enrichment,NCT03315585,4,4,1.0,1.0
SNE0193,enrichment,NCT04677439,4,5,0.8,0.6
SNE0194,enrichment,NCT04581473,9,9,1.0,0.778
SNE0195,enrichment,NCT07260513,10,10,1.0,0.9
SNE0196,enrichment,NCT03644056,1,1,1.0,1.0
SNE0197,enrichment,NCT02284529,1,1,1.0,1.0
SNE0198,enrichment,NCT07361458,2,2,1.0,1.0
SNE0199,enrichment,NCT06942442,6,6,1.0,0.833
SNE0200,enrichment,NCT07006077,9,9,1.0,0.222
SNE0202,enrichment,NCT05340985,9,9,1.0,1.0
SNE0203,enrichment,NCT00321828,5,7,0.714,0.714
SNE0204,enrichment,NCT03933241,3,3,1.0,1.0
SNE0205,enrichment,NCT04316208,9,9,1.0,1.0
SNE0206,enrichment,NCT02944032,11,11,1.0,1.0
SNE0207,enrichment,NCT06236386,11,11,1.0,1.0
SNE0208,enrichment,NCT03328390,7,7,1.0,0.714
SNE0209,enrichment,NCT04210778,4,5,0.8,0.8
SNE0210,enrichment,NCT07460037,4,4,1.0,1.0
SNE0211,enrichment,NCT05023772,8,8,1.0,0.625
SNE0212,enrichment,NCT05419414,2,2,1.0,1.0
SNE0213,enrichment,NCT05001516,11,12,0.917,0.417
SNE0214,enrichment,NCT05203523,6,6,1.0,1.0
SNE0215,enrichment,NCT04339374,6,6,1.0,1.0
SNE0216,enrichment,NCT05550948,6,6,1.0,1.0
SNE0217,enrichment,NCT05911243,9,9,1.0,1.0
SNE0218,enrichment,NCT05091151,4,4,1.0,1.0
SNE0219,enrichment,NCT06817161,8,8,1.0,1.0
SNE0220,enrichment,NCT06740175,3,3,1.0,1.0
SNE0221,enrichment,NCT04882176,9,10,0.9,0.2
SNE0222,enrichment,NCT07091396,6,6,1.0,1.0
SNE0223,enrichment,NCT04730726,3,3,1.0,1.0
SNE0224,enrichment,NCT01972373,6,6,1.0,1.0
SNE0225,enrichment,NCT07479927,5,5,1.0,1.0
SNE0226,enrichment,NCT02231203,6,6,1.0,1.0
SNE0227,enrichment,NCT03310996,1,1,1.0,1.0
SNE0228,enrichment,NCT06315634,6,6,1.0,1.0
SNE0229,enrichment,NCT01688414,5,6,0.833,0.833
SNE0230,enrichment,NCT07563816,10,11,0.909,0.909
SNE0231,enrichment,NCT04141319,12,12,1.0,0.833
SNE0233,enrichment,NCT05248113,1,1,1.0,1.0
SNE0234,enrichment,NCT02533947,8,9,0.889,0.889
SNE0235,enrichment,NCT06521190,5,5,1.0,1.0
SNE0236,enrichment,NCT06187402,24,25,0.96,0.36
SNE0238,enrichment,NCT04902092,15,15,1.0,1.0
SNE0239,enrichment,NCT04316871,5,6,0.833,0.833
SNE0241,enrichment,NCT05579275,3,3,1.0,1.0
SNE0242,enrichment,NCT06223256,13,13,1.0,0.846
SNE0243,enrichment,NCT01273051,6,6,1.0,1.0
SNE0246,enrichment,NCT06398470,2,2,1.0,1.0
SNE0247,enrichment,NCT02774239,8,9,0.889,0.889
SNE0248,enrichment,NCT00110721,3,3,1.0,1.0
SNE0250,enrichment,NCT07754565,2,2,1.0,1.0
SNE0251,enrichment,NCT02739555,5,7,0.714,0.714
SNE0252,enrichment,NCT07572760,4,4,1.0,0.75
SNE0253,enrichment,NCT03920293,4,4,1.0,0.5
SNE0254,enrichment,NCT06289751,6,6,1.0,0.667
SNE0256,enrichment,NCT00727194,4,5,0.8,0.8
SNE0258,enrichment,NCT03489213,14,14,1.0,0.929
SNE0259,enrichment,NCT02371369,4,4,1.0,0.75
SNE0260,enrichment,NCT01505764,12,12,1.0,1.0
SNE0261,enrichment,NCT04778631,11,11,1.0,1.0
SNE0262,enrichment,NCT03655587,5,5,1.0,1.0
SNE0263,enrichment,NCT07329907,4,4,1.0,1.0
SNE0264,enrichment,NCT02356640,4,4,1.0,1.0
SNE0265,enrichment,NCT01433068,5,5,1.0,1.0
SNE0266,enrichment,NCT04090268,9,9,1.0,1.0
SNE0267,enrichment,NCT02320942,6,6,1.0,0.833
SNE0268,enrichment,NCT07720726,6,6,1.0,1.0
SNE0269,enrichment,NCT05343611,5,5,1.0,1.0
SNE0270,enrichment,NCT06633133,5,5,1.0,1.0
SNE0271,enrichment,NCT07597941,1,1,1.0,1.0
SNE0272,enrichment,NCT07298928,4,6,0.667,0.667
SNE0273,enrichment,NCT03807518,4,4,1.0,1.0
SNE0274,enrichment,NCT06651125,11,11,1.0,0.909
SNE0275,enrichment,NCT04485767,5,5,1.0,1.0
SNE0276,enrichment,NCT00588822,4,4,1.0,1.0
SNE0277,enrichment,NCT06260150,4,4,1.0,1.0
SNE0278,enrichment,NCT01519596,3,4,0.75,0.75
SNE0279,enrichment,NCT04091867,6,6,1.0,1.0
SNE0280,enrichment,NCT02193399,17,17,1.0,1.0
SNE0281,enrichment,NCT06190730,2,2,1.0,1.0
SNE0282,enrichment,NCT04685759,4,4,1.0,1.0
SNE0283,enrichment,NCT05679817,4,4,1.0,1.0
SNE0285,enrichment,NCT03334162,5,5,1.0,1.0
SNE0286,enrichment,NCT05025826,7,7,1.0,1.0
SNE0288,enrichment,NCT03958019,14,14,1.0,0.857
SNE0289,enrichment,NCT03195101,2,2,1.0,1.0
SNE0290,enrichment,NCT05918263,6,6,1.0,0.833
SNE0292,enrichment,NCT07263997,1,1,1.0,1.0
SNE0293,enrichment,NCT04511988,1,1,1.0,1.0
SNE0295,enrichment,NCT05155618,6,7,0.857,0.857
SNE0296,enrichment,NCT04012021,1,1,1.0,1.0
SNE0297,enrichment,NCT00878215,4,4,1.0,1.0
SNE0300,enrichment,NCT06945692,4,4,1.0,1.0
SNE0301,enrichment,NCT01351935,5,5,1.0,1.0
SNE0302,enrichment,NCT05184725,5,5,1.0,1.0
SNE0303,enrichment,NCT01137006,8,9,0.889,0.778
SNE0304,enrichment,NCT03253458,3,3,1.0,1.0
SNE0305,enrichment,NCT04651608,2,2,1.0,1.0
SNE0306,enrichment,NCT07453797,7,7,1.0,1.0
SNE0308,enrichment,NCT01505764,12,12,1.0,1.0
SNE0309,enrichment,NCT03585699,4,4,1.0,1.0
SNE0310,enrichment,NCT07263074,5,5,1.0,1.0
SNE0311,enrichment,NCT00555464,2,2,1.0,1.0
SNE0312,enrichment,NCT05872334,4,4,1.0,1.0
SNE0313,enrichment,NCT06166420,7,7,1.0,1.0
SNE0314,enrichment,NCT05334641,1,1,1.0,1.0
SNE0315,enrichment,NCT06296680,3,3,1.0,1.0
SNE0316,enrichment,NCT02227316,6,6,1.0,1.0
SNE0317,enrichment,NCT07074795,5,6,0.833,0.833
SNE0318,enrichment,NCT00972959,6,6,1.0,1.0
SNE0319,enrichment,NCT04018053,3,3,1.0,1.0
SNE0320,enrichment,NCT04945512,9,9,1.0,1.0
SNE0321,enrichment,NCT01730209,14,14,1.0,1.0
SNE0323,enrichment,NCT01374191,6,6,1.0,1.0
SNE0324,enrichment,NCT01191541,3,3,1.0,1.0
SNE0325,enrichment,NCT01326689,1,1,1.0,1.0
SNE0326,enrichment,NCT06252727,4,4,1.0,1.0
SNE0327,enrichment,NCT04858256,6,6,1.0,0.833
SNE0328,enrichment,NCT07279818,8,8,1.0,0.75
SNE0329,enrichment,NCT00162123,5,5,1.0,0.8
SNE0330,enrichment,NCT00578214,7,10,0.7,0.7
SNE0332,enrichment,NCT07140588,7,7,1.0,0.143
SNE0333,enrichment,NCT05073744,9,9,1.0,1.0
SNE0334,enrichment,NCT01435499,2,2,1.0,0.5
SNE0335,enrichment,NCT06769087,8,8,1.0,1.0
SNE0336,enrichment,NCT01985477,2,2,1.0,1.0
SNE0338,enrichment,NCT06248216,5,5,1.0,1.0
SNE0340,enrichment,NCT05388214,5,5,1.0,0.8
SNE0341,enrichment,NCT04335604,6,6,1.0,1.0
SNE0342,enrichment,NCT02702492,4,5,0.8,0.8
SNE0343,enrichment,NCT05385250,7,7,1.0,1.0
SNE0344,enrichment,NCT01318447,5,6,0.833,0.833
SNE0346,enrichment,NCT06859190,4,4,1.0,1.0
SNE0347,enrichment,NCT05894447,6,6,1.0,0.833
SNE0348,enrichment,NCT02616588,9,9,1.0,1.0
SNE0349,enrichment,NCT03993288,6,6,1.0,1.0
SNE0350,enrichment,NCT06768359,2,2,1.0,0.5
